Title,Views of Video,Releasing Date
"Freelancing, Consultant And Remote Jobs Are Increasing For Generative AI",9.1K views,16 hours ago
I Found The Best Alternative To ChatGPT- Get The Power Of ALL LLM Models,21K views,4 days ago
Generative AI With LLM Models Crash Course On AWS Cloud,18K views,6 days ago
How Do I Make AI Avatar Realisitic Videos,6.1K views,8 days ago
Getting Started With Nvidia NIM-Building RAG Document Q&A With Nvidia NIM And Langchain,9.3K views,8 days ago
Basics And Foundation Is Important For Any Data Science or GENAI Roles-Start From Basics,16K views,10 days ago
LLM Evaluation With MLFLOW And Dagshub For Generative AI Application,10K views,10 days ago
Complete Generative AI With Azure Cloud Open AI Services Crash Course,18K views,2 weeks ago
Building News AI Agents Using CrewAI And Google Gemini Pro LLM Models,9.8K views,2 weeks ago
crewAI Crash Course For Beginners-How To Create Multi AI Agent For Complex Usecases,17K views,2 weeks ago
#1-Getting Started Building Generative AI Using HuggingFace Open Source Models And Langchain,14K views,2 weeks ago
Create Your Own Chrome Dino Game with AI for a limited time,5K views,2 weeks ago
Microsoft Phi-3 Vision-the first Multimodal model By Microsoft- Demo With Huggingface,10K views,2 weeks ago
Can We Learn Generative AI With Open Source Models- All Alternatives To Open AI Paid API's,11K views,3 weeks ago
Turn Your Computer Into An AI Computer- Jan.ai,11K views,3 weeks ago
End To End Document Q&A RAG App With Gemma And Groq API,11K views,3 weeks ago
RAPIDS cuDF Instantly Accelerates pandas up to 50x on Google Colab With Demo,7.7K views,3 weeks ago
Hugging Face x LangChain:A new partner package in LangChain,11K views,3 weeks ago
Project Astra Future of AI Assistants-Is It Better Than Gpt-4o?,5K views,3 weeks ago
Google's New PaliGemma-Open Vision Language Model,6.7K views,3 weeks ago
Getting Started With New Google Gemini Flash MultiModal With Practical Implementation,11K views,3 weeks ago
Building RAG With OpenAI GPT-4o(omni) Model Using Objectbox Vector Database,12K views,3 weeks ago
Getting Started with On-Device AI: RAG using ObjectBox Vector Database and LangChain,6K views,3 weeks ago
Gemini API Developer Competition With Huge Rewards,8.2K views,4 weeks ago
OpenAI New GPT-4o(omni) Model Demo In Mobile App With Audio Conversation- It is Just Amazing,19K views,4 weeks ago
Google I/O '24 Recap in under 10 minutes- Updates In Gemini Models,6.8K views,4 weeks ago
Power Of Github Copilot Workspace With Demo-Develop Complete Project By AI,10K views,4 weeks ago
Open AI New GPT-4o Powerful Demo That Can Change The Learn Experience,14K views,4 weeks ago
